0,0,0,0,0,0,0,0,0,0,0,0,0,0,0,0,0,0,0,0,0,0,0,0,0,0,0,0,0,0,0,0,0,0,0,0,0,0,0,0,0,0,0,0,0,0,0,0,0,0,0,0,0,0,0,0,0,0,0,0,0,0,0,0,0,0,0,0,0,0,0,0,0,0,0,0,0,0,0,0,0,0,0,0,0,0,0,0,0,0,0,0,0,0,0,0,0,0,0,0,0,0,0,0,0,0,0,0,0,0,0,0,0,0,0,0,0,0,0,0,0,0,0,0,0,0,0,0,0,0,0,0,0,0,0,0,0,0,0,0,0,0,0,0,0,0,0,0,0,0,0,0,0,0,0,0,0,0,0,0,0,0,0,0,0,0,0,0,0,0,0,0,0,0,0,0,0,0,0,0,0,0,0,0,0,0,0,0,0,0,0,0,0,0,0,0,0,0,0,0,0,0,0,0,0,0,0,0,0,0,0,0,0,0,0,0,0,0,0,0,0,0,0,0,0,0,0,0,0,0,0,0,0,0,0,0,0,0,0,0,0,0,0,0,0,0,0,0,0,0,0,0,0,0,0,0,0,0,0,0,0,0,0,0,0,0,0,0,0,0,0,0,0,0,0,0,0,0,0,0,0,0,0,0,0,0,0,0
28.113,25.148,22.57,24.354,19.634,27.184,22.161,21.665,24.57,20.632,26.462,22.586,23.955,23.019,20.77,23.518,26.374,25.494,21.551,21.745,21.858,24.146,23.394,25.06,17.444,22.172,20.046,22.967,26.472,26.664,25.256,20.567,20.607,19.837,22.373,22.487,21.363,21.496,20.582,22.307,20.826,21.482,16.491,26.285,27.138,21.363,23.432,23.779,19.141,22.431,24.102,22.692,16.691,22.099,23.99,22.367,18.676,25.967,21.284,20.445,22.356,22.042,18.407,24.282,20.867,18.689,20.471,20.902,22.722,23.912,23.173,24.174,22.549,23.517,23.738,24.282,27.023,23.07,18.414,21.159,24.675,29.395,25.068,25.461,22.667,28.705,27.387,23.454,25.933,26.239,23.633,27.402,25.447,27.955,26.633,24.59,30.47,32.042,25.506,30.579,32.711,26.308,25.976,30.115,21.48,25.279,30.743,30.73,33.787,30.992,28.359,31.353,31.433,29.525,25.89,27.599,27.542,26.576,27.164,30.084,22.195,28.695,29.677,34.518,23.095,27.936,30.3,30.365,30.688,30.317,30.122,28.128,24.504,25.958,26.13,27.759,29.573,30.351,23.147,28.254,26.643,20.745,28.061,25.602,23.985,30.008,26.506,29.286,23.523,29.053,30.835,34.677,25.57,27.77,33.426,26.347,24.818,25.145,28.119,26.577,27.513,25.384,24.908,24.977,32.38,31.31,31.177,23.552,25.491,27.705,22.167,24.068,20.143,20.17,26.476,31.044,30.479,28.232,23.107,24.278,21.29,26.236,17.327,23.301,23.13,24.983,25.024,24.012,24.966,25.218,25.161,26.818,21.845,23.553,22.806,23.505,21.197,24.947,24.239,27.133,24.451,24.647,25.475,26.258,23.758,22.483,27.7,27.782,28.175,25.929,30.141,26.486,25.085,24.942,28.45,33.355,25.042,26.039,28.672,30.771,26.875,25.134,24.031,23.658,30.679,26.838,26.674,29.967,25.623,25.463,26.61,28.964,31.28,28.134,26.418,25.906,30.424,24.151,27.252,26.822,28.251,24.74,28.987,26.736,20.031,21.864,29.866,27.557,26.361,31.728,25.632,28.278,21.575,25.407,26.748,23.308,25.241,28.187,29.9,24.398,24.332,24.067,24.845,24.909,24.821,24.35,26.725,24.28,24.755,23.74,25.094,24.484,27.32,27.585,25.012,24.331,23.274,25.258,23.686,22.48,26.953,26.067,21.415,22.765,20.966,21.145,26.929,23.206
1.1272,0.91593,1.2846,1.0577,0.95901,1.0268,1.0914,1.0944,1.3134,1.0557,1.0442,0.90341,0.98566,1.0085,0.70794,0.88608,1.1606,0.88072,1.1267,0.91463,1.0413,1.0985,0.82746,0.89567,0.73866,0.92327,0.88274,0.82522,0.91928,0.92746,0.94404,1.0273,0.80002,0.92672,0.98198,0.97785,0.90483,0.9607,0.90667,0.90482,0.99655,0.95913,1.0136,0.77325,0.91651,0.84416,1.1541,0.94471,0.68201,0.81154,0.83895,1.0215,0.88392,0.90551,0.84876,1.0877,0.73482,0.78221,0.99898,0.84913,0.93745,1.0476,0.68094,1.1642,0.94258,0.96843,0.75716,1.0099,1.0445,1.0328,0.86136,0.97018,0.96593,0.98396,1.056,1.1187,1.0523,1.0036,1.0891,1.0744,0.99783,1.0394,0.88846,0.92955,1.3701,1.3204,0.998,1.2179,1.3233,1.5017,1.1776,1.2938,1.1247,1.0525,1.0567,1.2597,1.3476,1.3277,1.5014,1.3623,1.3891,1.3022,1.2498,1.4765,1.5963,1.3942,1.2974,1.4562,1.3232,1.6091,1.4701,1.444,1.515,1.4262,1.2781,1.5782,1.5747,1.4047,1.5572,1.6252,1.3329,1.5081,1.4432,1.4887,1.5581,1.8689,1.3608,1.3841,1.4165,1.3481,1.3405,1.354,1.417,1.1662,1.4877,1.4203,1.2439,1.3295,1.3003,1.4638,1.3933,1.2793,1.3882,1.5611,1.2605,1.4646,1.518,1.1992,1.4318,1.4061,1.268,1.4188,1.3185,1.3092,1.3477,1.4917,1.1519,1.3965,1.2314,1.4486,1.5838,1.32,1.2747,1.2818,1.5254,1.3021,1.3457,1.679,1.2419,1.2731,1.2133,1.2635,1.3085,1.292,1.2132,1.3156,1.3724,1.4876,1.5188,1.3891,1.1315,1.1527,1.066,1.1929,1.1942,1.1054,1.2643,1.1881,1.2726,1.3306,1.3781,1.4667,1.1166,1.275,1.3171,1.2434,1.4657,1.4921,1.1843,1.2068,1.0981,1.3213,1.195,1.4945,1.6771,1.3815,1.3734,1.3571,1.4582,1.4539,1.3204,1.6061,1.4345,1.3977,1.3598,1.4668,1.2181,1.3723,1.4953,1.2971,1.4521,1.5058,1.6145,1.3349,1.5695,1.2387,1.2866,1.3923,1.4427,1.2531,1.5959,1.2051,1.6078,1.5446,1.7346,1.223,1.4386,1.5964,1.4945,1.5051,1.7041,1.2824,1.3,1.4643,1.4973,1.4294,1.2645,1.3947,1.6426,1.29,1.5015,1.0359,1.4945,1.1145,1.3026,1.3936,1.3919,1.286,1.3412,1.3383,1.3578,1.0997,1.2107,1.3662,1.1193,1.0617,1.0878,1.1041,1.2049,1.481,1.2211,1.1184,1.1877,1.3601,1.2667,1.1185,0.9652,1.0712,1.1896,1.1543,1.0229,0.96485,1.1054,1.1079,1.2769,1.2093,1.2045,1.0941
8.512,8.9764,7.0513,8.291,8.2863,8.5281,8.2049,8.3561,9.2783,5.2548,10.88,7.0183,7.4204,8.548,7.9141,8.5881,9.3722,9.128,8.4896,8.7938,6.653,9.0929,9.1073,7.1611,8.0459,7.9533,8.9357,8.0175,9.0216,8.2017,8.1806,8.4239,9.1741,7.5259,8.1035,9.0324,8.787,8.5955,8.8807,8.9898,7.6265,7.766,7.2203,10.551,8.2304,5.955,7.0854,7.6626,9.5913,8.7677,8.8979,8.643,8.68,8.3415,8.9227,7.2257,9.8807,9.1309,10.06,6.8727,8.9073,8.208,7.6552,8.5995,10.78,8.7634,8.8631,6.7769,6.9331,8.0405,9.4572,8.6249,7.4535,8.7112,9.6083,8.7983,7.6945,10.66,9.0272,9.0775,9.1325,8.4448,8.7161,9.531,8.785,9.0971,9.1251,9.8013,10.279,8.7871,8.1663,11.05,11.138,9.3079,11.045,9.9549,12.159,10.89,8.2348,11.23,12.121,10.657,10.237,10.446,10.005,10.54,9.3364,9.425,11.546,10.448,11.043,10.984,12.527,10.303,12.413,9.623,11.584,11.148,10.253,12.364,9.9055,11.157,11.059,11.121,8.7474,9.9787,11.103,9.5684,12.09,9.8327,10.661,11.674,7.544,10.149,8.4561,8.7635,8.723,10.214,10.141,9.0863,8.9946,10.456,8.3711,10.839,9.7622,7.4009,7.6564,6.9784,9.5462,8.6435,7.6794,8.4491,9.6408,9.2396,7.6527,8.8656,8.1052,7.0354,8.5226,6.9051,8.7944,9.6413,9.5388,9.8736,8.9546,7.3536,7.4438,7.7463,7.4533,8.2727,7.0523,8.0101,10.223,8.8969,8.1019,8.998,8.2274,7.2421,8.9117,8.6471,7.2901,8.3207,7.9463,7.2021,7.587,7.5509,8.881,7.4472,7.3125,7.5894,6.4263,8.2131,7.1599,8.6769,7.5858,9.4424,7.297,6.9855,8.8279,7.2329,7.7678,9.4072,7.1135,8.7185,8.3573,8.4224,9.4638,8.541,9.3387,9.971,9.6734,9.5159,8.7846,9.0273,7.2268,8.8904,7.3422,7.703,7.1682,7.1173,6.808,7.4889,7.7081,8.0236,7.9915,7.8787,7.8099,8.0653,9.2353,9.133,9.7254,7.9016,10.293,6.9612,9.0034,10.782,10.478,10.16,10.755,7.7335,9.5155,9.7724,8.3526,9.7806,7.2111,10.083,10.005,8.6556,8.5843,8.0248,8.4053,8.2942,8.134,8.8733,10.296,8.8722,7.7251,6.7238,9.2259,7.2485,7.6621,7.0615,7.3079,7.6121,8.0919,8.7468,9.7075,8.8494,7.9862,8.5208,7.1411,7.0831,9.1986,9.7736,7.9494,8.1108,8.148,8.2429,8.5659,8.8163,9.2876,9.2648,7.8388,7.7192,7.5733,7.8595,7.6151,8.3612
0,0,0,0,0,0,0,0,0,0,0,0,0,0,0,0,0,0,0,0,0,0,0,0,0,0,0,0,0,0,0,0,0,0,0,0,0,0,0,0,0,0,0,0,0,0,0,0,0,0,0,0,0,0,0,0,0,0,0,0,0,0,0,0,0,0,0,0,0,0,0,0,0,0,0,0,0,0,0,0,0,0,0,0,0,0,0,0,0,0,0,0,0,0,0,0,0,0,0,0,0,0,0,0,0,0,0,0,0,0,0,0,0,0,0,0,0,0,0,0,0,0,0,0,0,0,0,0,0,0,0,0,0,0,0,0,0,0,0,0,0,0,0,0,0,0,0,0,0,0,0,0,0,0,0,0,0,0,0,0,0,0,0,0,0,0,0,0,0,0,0,0,0,0,0,0,0,0,0,0,0,0,0,0,0,0,0,0,0,0,0,0,0,0,0,0,0,0,0,0,0,0,0,0,0,0,0,0,0,0,0,0,0,0,0,0,0,0,0,0,0,0,0,0,0,0,0,0,0,0,0,0,0,0,0,0,0,0,0,0,0,0,0,0,0,0,0,0,0,0,0,0,0,0,0,0,0,0,0,0,0,0,0,0,0,0,0,0,0,0,0,0,0,0,0,0,0,0,0,0,0,0,0,0,0,0,0,0
0,0,0,0,0,0,0,0,0,0,0,0,0,0,0,0,0,0,0,0,0,0,0,0,0,0,0,0,0,0,0,0,0,0,0,0,0,0,0,0,0,0,0,0,0,0,0,0,0,0,0,0,0,0,0,0,0,0,0,0,0,0,0,0,0,0,0,0,0,0,0,0,0,0,0,0,0,0,0,0,0,0,0,0,0,0,0,0,0,0,0,0,0,0,0,0,0,0,0,0,0,0,0,0,0,0,0,0,0,0,0,0,0,0,0,0,0,0,0,0,0,0,0,0,0,0,0,0,0,0,0,0,0,0,0,0,0,0,0,0,0,0,0,0,0,0,0,0,0,0,0,0,0,0,0,0,0,0,0,0,0,0,0,0,0,0,0,0,0,0,0,0,0,0,0,0,0,0,0,0,0,0,0,0,0,0,0,0,0,0,0,0,0,0,0,0,0,0,0,0,0,0,0,0,0,0,0,0,0,0,0,0,0,0,0,0,0,0,0,0,0,0,0,0,0,0,0,0,0,0,0,0,0,0,0,0,0,0,0,0,0,0,0,0,0,0,0,0,0,0,0,0,0,0,0,0,0,0,0,0,0,0,0,0,0,0,0,0,0,0,0,0,0,0,0,0,0,0,0,0,0,0,0,0,0,0,0,0
19.518,26.986,23.485,24.572,21.096,26.034,27.491,27.217,22.206,22.075,21.964,22.178,21.883,21.89,24.311,21.068,23.501,24.898,19.382,22.798,23.34,21.003,20.81,22.103,25.07,21.449,24.34,21.208,28.407,20.109,20.199,16.544,23.534,19.607,22.845,19.605,21.328,23.874,22.605,20.143,20.413,25.223,19.265,15.949,21.4,22.53,20.179,21.495,25.167,21.766,23.081,21.908,20.247,23.203,19.352,21.1,24.721,23.149,20.816,24.154,25.972,25.556,20.406,20.369,22.632,21.27,20.659,19.351,25.659,18.612,26.165,20.672,23.956,24.969,27.123,21.006,24.464,26.317,24.624,19.572,25.795,23.903,24.352,22.988,28.167,27.961,23.865,27.024,25.834,22.063,27.82,23.113,29.196,25.775,22.343,23.225,31.719,25.187,27.58,27.075,30.036,28.987,26.649,27.718,27.035,23.554,27.875,28.728,31.493,31.346,26.831,33.841,31.694,32.48,28.898,27.373,30.96,33.965,29.59,31.841,31.639,32.168,25.302,32.228,26.304,22.901,24.912,28.448,26.192,30.068,23.136,24.476,27.704,24.109,26.354,30.077,27.735,26.876,32.187,29.735,26.624,24.955,24.403,30.981,29.556,28.303,26.718,27.698,29.239,24.432,27.602,26.75,25.788,26.555,26.197,33.812,23.053,29.209,23.382,25.645,28.395,25.993,29.631,23.508,25.555,25.632,27.26,26.157,25.974,26.938,25.324,24.907,23.528,30.727,23.468,23.896,27.195,24.469,31.35,25.425,31.826,21.1,25.369,26.226,23.317,23.085,24.23,20.901,26.612,24.812,26.64,25.971,26.306,24.513,25.84,25.754,21.741,23.977,21.931,26.8,24.814,22.349,20.148,23.592,25.681,28.183,21.647,26.922,27.65,24.857,25.04,28.569,30.366,25.044,29.003,29.79,32.801,22.336,29.817,27.279,26.985,25.725,25.115,28.993,28.941,29.73,26.193,25.612,27.911,22.173,24.206,28.431,27.979,31.479,26.951,29.414,26.174,26.784,23.548,25.712,27.465,26.718,25.428,24.111,28.142,27.033,27.473,24.769,31.727,27.542,26.03,28.911,27.924,25.516,25.174,30.016,26.829,30.48,29.182,26.413,24.797,30.364,23.717,20.793,22.433,26.982,26.516,26.099,27.224,24.596,24.472,25.861,27.444,21.043,27.573,23.228,26.72,23.432,25.148,21.298,23.609,24.914,23.403,25.159,24.274,22.7,26.361,26.307
28.868,27.07,35.965,23.029,28.679,28.359,23.403,32.427,36.499,28.36,29.945,29.819,29.525,28.388,32.918,28.329,31.885,31.455,30.943,31.679,30.474,29.197,29.644,27.392,27.004,25.107,31.806,27.453,25.953,26.403,28.334,31.176,25.575,30.608,30.191,29.472,22.06,26.617,25.977,31.251,23.414,30.434,23.145,27.168,23.935,25.75,28.76,28.141,30.294,31.997,30.438,27.47,27.599,25.533,29.038,23.926,30.549,29.925,26.392,23.139,23.031,29.899,33.613,26.6,26.54,25.449,35.754,33.603,31.157,35.286,30.314,29.44,31.528,28.98,29.199,31.77,34.87,36.962,35.491,32.268,27.532,35.372,30.608,25.146,38.134,37.988,29.724,35.689,30.057,36.715,33.698,33.857,32.171,32.55,34.221,37.717,38.357,38.388,43.65,30.083,34.963,39.076,35.167,38.901,37.252,37.689,36.951,37.636,40.187,33.785,39.277,44.263,38.839,41.424,36.439,36.72,34.433,34.199,33.854,40.057,39.244,44.279,35.829,35.761,33.968,35.462,30.254,39.719,27.532,40.663,30.863,32.551,33.209,35.479,36.764,35.707,35.362,36.955,39.289,35.219,42.284,36.816,33.34,35.485,34.24,29.197,37.202,30.963,32.245,41.109,29.646,35.442,26.533,36.849,37.609,32.512,34.962,31.826,35.968,32.496,31.102,35.455,31.148,33.039,35.597,37.161,33.16,27.726,34.652,42.572,36.475,41.173,29.114,32.449,29.761,33.639,33.737,38.545,36.799,38.568,30.488,34.338,35.508,30.882,30.737,30.733,30.442,30.533,28.693,38.386,28.568,37.44,27.106,31.28,30.381,24.427,34.551,28.688,31.752,33.045,31.327,34.339,30.864,33.58,35.208,33.645,36.007,31.266,36.439,39.198,35.642,29.301,31.766,31.114,35.165,28.14,32.741,37.334,40.798,34.93,29.295,26.886,36.049,31.76,33.198,28.019,33.949,31.887,26.732,40.475,35.138,34.343,31.807,37.78,30.365,34.649,33.968,34.207,36.28,37.197,33.325,38.604,33.059,32.549,32.243,35.815,32.569,31.443,36.103,39.216,32.431,30.627,35.288,34.854,30.857,32.608,29.578,34.081,37.29,27.148,38.833,35.578,26.555,33.794,26.43,33.772,35.846,32.896,35.153,36.159,24.675,35.417,30.838,29.385,34.143,30.276,33.968,30.24,26.293,31.489,24.407,26.793,31.003,30.938,27.437,28.798,30.006,33.805
0,0,0,0,0,0,0,0,0,0,0,0,0,0,0,0,0,0,0,0,0,0,0,0,0,0,0,0,0,0,0,0,0,0,0,0,0,0,0,0,0,0,0,0,0,0,0,0,0,0,0,0,0,0,0,0,0,0,0,0,0,0,0,0,0,0,0,0,0,0,0,0,0,0,0,0,0,0,0,0,0,0,0,0,0,0,0,0,0,0,0,0,0,0,0,0,0,0,0,0,0,0,0,0,0,0,0,0,0,0,0,0,0,0,0,0,0,0,0,0,0,0,0,0,0,0,0,0,0,0,0,0,0,0,0,0,0,0,0,0,0,0,0,0,0,0,0,0,0,0,0,0,0,0,0,0,0,0,0,0,0,0,0,0,0,0,0,0,0,0,0,0,0,0,0,0,0,0,0,0,0,0,0,0,0,0,0,0,0,0,0,0,0,0,0,0,0,0,0,0,0,0,0,0,0,0,0,0,0,0,0,0,0,0,0,0,0,0,0,0,0,0,0,0,0,0,0,0,0,0,0,0,0,0,0,0,0,0,0,0,0,0,0,0,0,0,0,0,0,0,0,0,0,0,0,0,0,0,0,0,0,0,0,0,0,0,0,0,0,0,0,0,0,0,0,0,0,0,0,0,0,0,0,0,0,0,0,0
4.6371,4.3928,4.243,4.5742,4.7452,4.5084,4.0284,4.404,3.594,4.0252,3.8495,4.0696,3.8761,4.141,3.0767,3.1559,3.714,3.5874,3.5465,3.3989,2.8966,3.8162,3.7777,3.3588,3.5391,4.0377,3.8385,3.3773,3.672,3.8918,3.7182,3.9419,3.4643,3.6134,4.0356,3.1329,3.8188,4.223,4.1995,4.0101,3.7568,3.4099,3.4848,3.4643,3.7418,3.6858,3.4388,3.3264,2.9611,3.8817,2.7347,3.1341,3.6633,3.8735,3.4834,3.7294,3.8198,3.4259,4.4686,3.9179,3.8965,3.693,3.4641,3.3619,3.8702,3.3453,3.9933,3.9478,4.3268,3.5625,3.8321,4.0904,4.2128,3.507,4.1367,4.2491,3.7744,4.1281,4.3031,3.6414,3.858,4.0359,4.1035,3.1938,4.5701,3.9594,4.5468,3.8643,4.1759,4.9003,4.5805,4.3888,5.1109,4.0819,4.588,4.2208,4.7158,4.8353,5.4307,4.7177,5.6095,4.7719,3.9808,4.9376,5.1354,4.941,5.0026,5.8769,4.5731,4.5317,5.0648,5.198,5.3045,5.5152,4.8802,4.979,4.8497,4.8734,5.8167,5.6566,4.4919,4.3292,5.4146,4.4166,5.2404,4.5276,5.2222,4.4608,4.8109,3.9577,4.4484,4.5934,4.5852,4.2913,3.9043,4.769,4.7922,4.3945,4.1765,4.2956,5.2551,3.7674,4.2599,5.0199,5.4415,4.2696,2.9793,4.2134,4.2691,4.2819,4.3928,4.8416,3.9512,3.9621,4.8579,3.7858,4.7595,4.4072,3.4882,4.2484,4.2283,3.9282,4.2857,3.7707,3.8475,4.4541,4.5327,3.6512,3.8914,3.6903,4.4148,3.7929,4.4613,3.8369,3.7786,4.3833,4.0346,4.0693,4.0389,3.2103,4.4577,4.1846,4.1366,3.7702,3.8667,4.63,3.7764,3.5622,3.2587,4.2693,3.4259,3.2983,3.6364,3.4933,4.3004,5.0276,3.8594,4.0747,4.3579,4.062,3.6482,3.783,4.6289,4.3073,4.6749,4.6403,4.4254,4.3158,4.6004,4.6835,4.762,4.1589,4.9487,3.8012,3.8748,5.2562,3.4322,4.151,3.8346,3.7687,4.0513,4.3216,3.6577,3.6111,4.7891,3.5022,3.5511,4.3094,3.9409,4.8115,3.861,3.6892,4.0875,3.6057,4.1118,3.9197,4.6126,4.5884,5.2805,4.6114,4.0187,3.8269,3.7114,4.0435,4.1324,5.0549,4.4938,3.8651,4.1007,4.6081,3.7021,4.3449,4.078,4.2439,4.0703,4.152,3.6195,4.3393,4.044,4.7072,3.7932,4.3861,3.8781,4.3174,4.02,4.2074,3.569,3.6893,3.0231,3.1678,3.9173,4.5574,2.9595,3.7553,3.5816,3.7969,2.6611,3.8563,2.9772,3.2686,3.3923,3.5945,3.4362,3.2784,3.6531,3.198,3.3645,3.7494
0,0,0,0,0,0,0,0,0,0,0,0,0,0,0,0,0,0,0,0,0,0,0,0,0,0,0,0,0,0,0,0,0,0,0,0,0,0,0,0,0,0,0,0,0,0,0,0,0,0,0,0,0,0,0,0,0,0,0,0,0,0,0,0,0,0,0,0,0,0,0,0,0,0,0,0,0,0,0,0,0,0,0,0,0,0,0,0,0,0,0,0,0,0,0,0,0,0,0,0,0,0,0,0,0,0,0,0,0,0,0,0,0,0,0,0,0,0,0,0,0,0,0,0,0,0,0,0,0,0,0,0,0,0,0,0,0,0,0,0,0,0,0,0,0,0,0,0,0,0,0,0,0,0,0,0,0,0,0,0,0,0,0,0,0,0,0,0,0,0,0,0,0,0,0,0,0,0,0,0,0,0,0,0,0,0,0,0,0,0,0,0,0,0,0,0,0,0,0,0,0,0,0,0,0,0,0,0,0,0,0,0,0,0,0,0,0,0,0,0,0,0,0,0,0,0,0,0,0,0,0,0,0,0,0,0,0,0,0,0,0,0,0,0,0,0,0,0,0,0,0,0,0,0,0,0,0,0,0,0,0,0,0,0,0,0,0,0,0,0,0,0,0,0,0,0,0,0,0,0,0,0,0,0,0,0,0,0
22.404,18.636,26.162,19.452,22.674,25.541,23.85,21.085,20.762,22.163,24.083,21.257,20.276,23.211,16.674,17.015,20.793,21.319,22.95,22.025,22.821,22.217,20.752,19.845,16.906,20.186,22.855,19.302,14.253,20.555,21.236,17.898,21.314,17.796,18.602,21.805,18.156,20.92,20.908,21.598,20.644,19.861,23.109,20.971,21.558,17.349,21.426,19.033,19.745,19.397,18.711,19.275,20.747,20.47,20.394,21.464,18.563,17.866,20.821,20.572,20.077,17.387,17.34,22.273,17.909,23.084,22.402,22.279,23.146,24.23,21.721,17.8,23.395,19.827,17.556,20.949,21.437,23.666,18.886,19.031,16.772,25.437,21.024,23.626,24.867,25.257,21.682,25.924,26.952,22.381,20.818,27.157,20.554,26.208,24.665,21.574,25.801,26.712,27.236,25.001,23.957,29.413,23.471,22.956,26.271,21.58,24.331,26.879,23.01,26.917,26.323,27.06,26.363,30.265,24.904,33.24,29.569,25.059,22.657,28.477,27.074,23.794,27.8,26.951,26.408,22.341,26.869,31.022,23.848,30.901,23.925,29.028,22.79,27.299,26.527,27.811,25.166,26.773,26.835,26.818,26.398,29.689,25.87,25.658,30.472,26.945,29.766,26.851,23.871,30.18,29.161,25.193,28.796,23.825,24.988,25.244,27.736,31.558,25.058,28.081,23.214,24.742,23.78,20.772,27.502,19.939,23.058,24.862,21.653,25.583,22.558,24.296,20.437,19.232,27.53,24.358,24.06,21.852,27.868,27.681,21.128,23.96,25.423,23.156,20.837,19.835,22.84,32.554,26.078,27.58,22.177,21.791,22.863,25.33,22.014,21.754,25.831,24.563,26.918,25.098,21.65,23.839,26.311,25.097,23.228,27.774,24.666,25.719,24.766,24.486,23.33,27.76,24.596,24.793,24.578,17.326,24.226,24.539,22.315,22.15,25.824,26.575,24.418,21.462,26.869,23.567,28.215,25.497,25.429,24.555,22.471,25.939,24.61,26.052,26.371,24.895,27.236,23.367,29.542,22.183,22.041,24.283,21.645,27.623,22.111,22.856,27.963,18.835,23.516,25.289,23.832,26.643,26.67,23.557,26.984,24.706,22.572,24.203,26.301,25.263,23.734,22.207,25.563,23.163,26.815,23.15,26.121,21.398,24.45,25.312,22.879,25.02,25.706,20.914,24.596,23.638,25.58,25.684,25.141,24.205,25.641,22.266,20.195,27.375,22.884,22.184,21.575,20.271
0,0,0,0,0,0,0,0,0,0,0,0,0,0,0,0,0,0,0,0,0,0,0,0,0,0,0,0,0,0,0,0,0,0,0,0,0,0,0,0,0,0,0,0,0,0,0,0,0,0,0,0,0,0,0,0,0,0,0,0,0,0,0,0,0,0,0,0,0,0,0,0,0,0,0,0,0,0,0,0,0,0,0,0,0,0,0,0,0,0,0,0,0,0,0,0,0,0,0,0,0,0,0,0,0,0,0,0,0,0,0,0,0,0,0,0,0,0,0,0,0,0,0,0,0,0,0,0,0,0,0,0,0,0,0,0,0,0,0,0,0,0,0,0,0,0,0,0,0,0,0,0,0,0,0,0,0,0,0,0,0,0,0,0,0,0,0,0,0,0,0,0,0,0,0,0,0,0,0,0,0,0,0,0,0,0,0,0,0,0,0,0,0,0,0,0,0,0,0,0,0,0,0,0,0,0,0,0,0,0,0,0,0,0,0,0,0,0,0,0,0,0,0,0,0,0,0,0,0,0,0,0,0,0,0,0,0,0,0,0,0,0,0,0,0,0,0,0,0,0,0,0,0,0,0,0,0,0,0,0,0,0,0,0,0,0,0,0,0,0,0,0,0,0,0,0,0,0,0,0,0,0,0,0,0,0,0,0
4.3309,3.6137,3.4238,4.3273,4.2599,4.2416,4.1632,3.9512,4.5307,4.6006,4.2425,3.4237,3.1632,4.128,4.0603,3.9777,3.6824,4.7347,3.7633,4.2333,4.4108,3.434,4.0999,4.1589,3.926,4.1814,3.0679,3.8653,3.3964,4.1101,4.3392,3.5288,3.8931,4.3111,3.8445,3.36,3.8789,3.8111,4.396,3.8471,3.6027,3.5013,3.1918,3.893,3.9369,4.0246,3.2193,3.6265,4.6567,4.3327,4.374,3.7242,4.2185,3.1166,3.2599,3.9922,3.8419,3.2715,4.2223,4.0305,3.3809,4.8174,3.3193,4.0676,3.6196,3.6282,4.2032,4.3281,3.4292,4.5236,3.7407,3.7639,4.0897,3.6486,3.521,4.0833,4.7927,3.5057,3.5342,4.1829,4.7542,3.8779,3.969,3.9429,4.3864,4.7021,4.0971,4.6108,4.9342,4.1476,4.495,5.6272,4.7432,4.9742,5.2259,4.7828,4.6621,4.3081,4.6677,4.1306,5.0817,4.2224,4.8319,4.6379,5.6542,3.8528,5.3993,5.3466,5.5416,4.8584,4.9805,5.7061,4.7868,4.9995,5.0757,4.3107,4.2031,4.7127,4.2092,5.1324,4.5945,5.3453,4.835,4.9692,4.6027,4.8468,5.0364,5.4576,4.9635,5.0415,4.5013,5.2518,4.4043,4.0431,4.4616,4.0564,4.0121,5.5406,3.9996,4.9279,4.8455,5.0618,3.9047,4.5829,4.3286,3.4858,3.4296,3.7128,4.3899,4.3201,3.7318,4.4109,4.9196,4.1536,5.0906,4.4197,4.2556,3.8457,4.6261,4.9122,3.9085,3.3419,4.0773,4.468,4.2794,4.5345,4.5817,3.8446,3.8347,3.6056,4.6296,3.817,3.8952,4.193,3.7692,3.9273,3.717,4.2007,3.3892,4.0724,4.1443,4.8408,4.357,4.4974,4.9537,3.8911,3.3914,3.5435,4.3677,4.1664,4.9415,4.39,3.4099,5.616,4.5908,5.261,5.0343,3.7309,4.7618,4.7439,4.7919,4.1936,4.3359,4.4301,4.7373,5.1518,4.9671,4.7562,4.0254,4.607,5.2317,4.9495,5.2699,4.3045,4.6994,4.3188,4.4377,4.0913,4.5772,4.9921,3.8643,4.685,4.5895,6.0684,4.3371,3.135,4.0845,4.8337,5.539,4.2969,4.9573,4.3788,4.8496,5.2478,4.1107,5.285,4.6125,4.5937,4.672,4.7606,4.6087,4.099,5.6612,4.6306,5.2483,4.2238,5.6156,5.0491,4.5712,4.7181,3.9354,5.5065,4.664,4.085,5.2039,4.3389,3.5474,4.3634,3.8447,4.7146,4.3508,4.9473,4.7448,4.5089,4.5219,4.6059,4.3864,4.3306,4.6499,4.3391,3.0126,4.022,4.4583,4.9209,4.293,4.9161,3.9922,4.3598,3.992,4.078,4.2238,4.1493,3.707,3.3484,4.4825,3.9255,3.4354,4.2058
10.532,9.7549,8.9489,9.5703,9.1926,9.5669,7.9475,9.2529,7.0651,8.5333,8.9671,9.5719,8.1525,7.8086,9.1408,8.7387,9.6667,9.4608,9.0703,9.525,9.6998,8.3439,9.0779,8.9499,8.89,9.3132,8.8246,9.0541,8.2667,8.8426,7.7605,9.0828,6.3694,8.077,9.3586,8.7559,8.545,9.2749,10.128,7.8977,9.0329,9.6513,10.718,8.236,9.6034,8.4388,9.1139,8.5295,9.8634,10.175,10.134,8.7895,7.7476,8.5595,8.6066,10.086,8.8739,8.0454,9.3976,8.5229,8.8011,9.7859,8.6784,9.264,8.6305,9.3875,10.183,10.275,9.0112,9.9547,10.4,7.9183,10.103,9.5562,9.2452,9.1131,9.8396,7.9542,9.2914,10.196,10.039,7.9296,8.8717,9.1014,9.9955,9.9868,11.719,10.758,11.043,10.348,11.902,10.169,10.61,12.336,11.653,10.052,10.636,9.6281,14.564,8.8079,10.849,9.3678,9.8173,12.847,10.792,10.309,10.964,11.412,11.288,10.404,10.491,11.602,9.8433,10.546,11.61,9.2426,11.383,11.243,9.7352,11.937,10.767,9.2391,10.829,9.5501,10.201,12.351,9.8725,11.688,11.004,10.583,11.761,8.6465,8.8823,11.258,12.715,9.438,11.203,10.674,11.48,10.459,12.188,9.8965,10.065,10.795,10.692,12.284,10.716,8.9004,10.347,12.182,9.0166,12.684,12.095,11.9,10.996,11.019,11.241,10.461,11.252,11.392,9.8468,9.7022,10.301,11.506,9.8236,11.291,11.37,11.175,11.513,12.05,11.606,10.95,11.353,10.087,10.445,9.6168,11.81,9.2256,11.525,9.5684,11.649,9.2669,9.7084,11,11.411,11.021,10.875,9.842,10.117,10.164,11.653,8.4354,8.4887,8.4938,9.5706,8.8453,7.2747,7.9621,8.4242,8.264,9.382,8.4676,9.5452,9.9336,7.6914,9.3602,10.74,8.873,8.2062,7.1997,10.325,9.0593,8.9048,8.8684,9.0421,9.1765,9.652,9.4114,10.485,8.4608,8.6118,10.097,9.0369,8.4136,8.7872,9.2639,9.2196,8.7529,10.094,10.295,8.7193,8.425,9.4457,10.155,8.8299,9.3574,10.191,9.0099,8.3259,9.5273,10.622,8.8182,10.299,10.901,7.7575,9.0643,8.1687,8.3966,9.1788,8.4017,8.703,8.7565,9.5407,9.5255,8.636,9.0799,9.7614,8.5742,9.6473,9.1749,10.315,8.0446,8.4695,8.6839,10.809,8.1708,10.265,7.5648,7.8519,8.4554,8.4138,9.1365,9.2891,9.0373,9.6021,8.467,8.3382,9.4128,9.0338,9.3892,8.353,9.9859,9.6514,7.7378,10.12,10.864,8.6519,9.0827
2.5948,2.7275,2.6514,2.379,2.7678,2.5576,3.1083,2.719,2.5464,2.8625,2.7974,2.6297,2.7552,1.9905,2.4289,2.4788,2.7798,2.2817,3.03,2.4886,3.1461,2.5958,3.2785,2.2684,2.8177,2.6689,1.9444,2.8169,2.8917,2.4898,2.7839,2.2816,2.1117,2.6625,2.2931,3.0447,2.8453,2.8673,2.6245,2.771,2.4497,1.9644,2.4333,2.6808,2.8321,2.6782,2.7938,2.9308,2.4356,2.8617,2.1827,2.1467,2.951,2.6446,2.8762,2.2864,2.744,2.4653,2.8213,2.7655,2.6863,2.6171,2.9208,2.8617,2.7335,2.7259,2.6482,2.8127,2.6021,2.9166,2.2234,3.0956,2.7333,2.9214,2.8567,2.9896,2.7921,2.9024,2.6828,3.006,2.7217,2.6514,2.8675,2.7668,3.643,3.197,3.255,3.3244,3.6527,2.9956,3.1993,3.3681,3.2171,3.4321,2.9074,3.1313,3.8885,3.2937,3.5944,3.9025,3.5003,4.5327,3.4202,3.4727,3.7212,4.2215,3.8498,3.4689,3.2144,4.1764,4.3276,3.8343,4.0593,3.9091,3.1867,4.4414,3.4258,4.1108,3.7984,3.4554,4.0119,3.4,4.2405,3.9948,4.0148,3.513,4.3017,3.8968,4.2689,4.0613,3.8268,3.9114,3.5243,3.8159,3.6522,3.1431,3.5924,3.3606,3.6456,4.0777,2.946,3.1311,3.3347,3.3482,3.7156,3.4585,3.3996,3.1462,3.7214,3.6894,3.3972,3.8581,3.6451,3.6521,3.2983,3.5404,3.3757,4.065,3.6607,3.9907,3.3357,3.4386,3.2773,3.7184,3.4943,3.8197,4.073,3.8339,3.5122,3.5043,3.2197,3.144,3.1529,3.0152,3.7249,3.8355,3.3442,2.7531,3.1226,3.3645,2.952,3.6831,3.2607,2.8784,3.5432,2.7304,3.1211,2.8977,3.3972,3.4009,3.2507,3.2322,3.8094,3.3634,2.7461,3.3494,3.4271,3.8121,3.762,2.758,2.7647,2.5854,3.1024,3.2243,3.6837,3.7539,3.8371,3.599,3.4886,3.8621,3.8114,3.7872,4.1707,3.6776,3.8738,2.9074,2.7645,3.8541,3.6663,3.0108,3.5063,3.0842,3.6929,3.096,3.5887,3.3818,2.9843,2.9923,3.7391,3.4028,3.4184,3.5451,3.4104,3.776,3.9774,3.9246,3.7165,3.5402,4.3169,4.3507,3.5105,3.7251,3.9551,4.1114,3.7248,3.2191,3.2368,3.8181,3.2408,3.7237,3.7502,4.6099,3.4178,3.6297,3.5984,3.8866,3.068,2.8246,3.1343,4.2334,4.4832,3.3281,3.6397,3.8452,2.9678,4.4631,3.6892,3.2814,3.5306,3.2155,4.0184,3.7069,4.2393,3.3497,3.3951,3.0701,3.414,3.031,2.8831,3.8032,3.5131,3.6467,3.9631,2.8056,3.6615,3.7395,3.1495,3.2573
11.335,13.936,11.277,11.343,12.036,11.809,11.289,11.058,12.112,11.431,13.499,10.424,11.063,10.266,11.969,11.16,10.044,11.084,11.645,11.88,11.998,11.154,12.979,12.91,10.291,11.561,12.414,10.877,10.487,12.773,9.5302,9.8821,10.508,9.8312,10.954,11.25,9.4946,12.497,10.854,11.227,11.83,12.145,10.921,9.2378,10.293,10.303,10.03,11.417,10.781,12.421,10.576,10.454,13.081,11.922,14.052,13.052,10.774,10.072,12.17,12.493,14.421,12.03,8.7556,11.68,13.214,12.966,11.713,12.791,10.095,12.027,13.533,12.329,11.034,13.477,11.765,13,12.03,11.389,11.368,14.443,11.937,11.844,11.846,11.247,10.244,16.502,15.505,14.2,14.539,14.608,15.481,11.969,13.133,13.146,12.58,11.887,16.378,14.044,16.762,15.784,16.907,15.717,14.668,13.428,16.048,15.836,12.964,16.284,13.621,16.575,16.186,15.632,16.445,16.313,12.335,15.263,16.643,15.474,16.677,14.135,15.78,16.335,17.853,14.444,12.69,12.846,13.888,13.47,12.048,13.336,12.05,13.544,13.846,13.834,13.295,12.853,17.709,16.048,12.021,12.418,10.75,15.553,12.67,14.578,13.53,12.567,14.486,13.041,14.008,14.279,14.168,13.614,14.546,15.594,15.749,14.904,12.664,16.283,13.559,13.373,15.476,13.202,16.733,15.434,15.522,16.649,14.153,13.672,14.678,15,14.75,13.744,13.5,14.085,12.241,13.931,12.104,14.442,13.723,12.032,14.24,13.167,14.035,11.141,14.39,14.766,13.552,12.999,13.028,13.878,15.841,13.957,13.55,16.217,14.32,15.67,15.342,14.243,13.852,13.053,12.648,15.224,12.423,12.681,13.932,13.566,16.484,13.991,17.06,16.911,14.014,15.32,14.652,16.302,13.98,13.638,13.9,14.067,14.135,15.254,12.29,14.101,12.873,12.593,14.706,15.341,14.759,15.41,13.673,15.125,12.976,12.096,15.422,15.268,14.878,14.852,14.61,13.905,14.885,15.834,16.919,14.058,13.341,14.147,19.011,14.147,14.169,13.878,13.646,14.861,14.698,14.199,12.913,16.715,15.148,14.305,14.658,15.524,15.141,14.766,13.084,14.24,14.149,15.194,12.132,14.693,14.93,14.551,13.312,14.123,16.97,12.517,12.186,14.173,14.555,13.643,13.715,12.939,14.018,13.184,9.6131,13.696,14.535,13.257,14.187,12.962,15.11,14.373
2.4112,2.879,3.0786,2.2774,2.9141,3.2011,2.9293,3.0883,2.842,3.2008,2.8469,3.0877,2.9085,2.2805,2.4841,2.4249,2.6572,2.0225,2.858,2.3689,2.0129,2.9618,3.0637,2.5714,2.7755,2.2016,2.2587,2.5772,2.4609,2.4525,2.7232,2.168,2.7039,2.8926,2.2609,2.2559,2.2339,2.3579,2.1672,2.2943,2.9038,1.9964,2.5142,2.1895,2.5283,2.3777,2.3127,2.5327,2.3293,2.324,1.8464,2.1518,2.5484,2.5663,2.5845,1.9703,3.014,2.6603,2.5223,2.4711,2.1488,2.4377,2.3857,2.3821,2.5571,2.3787,2.5736,2.3278,2.9195,2.4722,2.3219,2.8443,2.6215,2.5205,2.3044,2.9086,2.8536,2.3049,2.1199,2.6204,3.3261,2.7911,2.755,2.5875,3.0027,3.0742,3.2262,3.0455,3.1552,3.194,3.308,3.093,2.8078,3.0447,3.4511,2.9313,3.121,3.2753,4.1967,3.3015,3.7641,3.9583,3.6355,3.6285,3.6754,4.2984,4.0002,3.8656,3.9684,3.3793,3.3118,3.7954,3.5218,2.9639,3.5839,3.8256,3.4837,3.2398,3.5995,3.6092,2.7913,2.7807,2.8966,3.1089,3.086,3.0624,3.5253,2.4998,3.4559,3.3236,3.1954,3.2065,2.5043,2.9016,3.3008,2.7033,3.457,2.8302,2.9402,2.3898,3.3943,3.3576,3.3364,3.1132,3.275,3.6735,3.1561,2.8873,2.8115,2.4812,3.2981,2.68,2.639,3.5958,2.8505,3.1249,2.4945,2.9801,2.0859,2.7816,3.4909,2.3135,2.8092,2.7154,3.3086,2.1574,3.2449,3.1817,2.5068,2.6183,3.1035,2.7979,2.7544,2.6842,2.8878,2.9407,2.5309,2.2265,3.0329,3.3815,2.9305,2.5699,2.5988,2.3892,2.4899,2.8925,2.7014,2.7874,2.4187,2.5129,2.8873,2.6532,3.0813,3.3468,3.0131,2.912,3.1907,3.0418,3.036,3.333,3.0284,2.5999,3.0066,3.2491,3.2978,3.0433,2.8704,3.1393,3.5787,3.5792,3.3984,2.9512,3.3437,3.698,3.6839,3.7511,3.5154,2.388,2.666,2.977,3.1884,2.9164,3.1054,2.7673,2.5656,3.2025,2.5949,2.5727,3.6186,3.3535,4.0705,3.2509,3.0793,3.567,2.7788,3.4424,3.1462,3.7335,3.1999,3.5186,2.9644,3.4927,3.3352,3.0516,3.0822,3.7543,3.0338,3.2655,2.822,3.2566,3.3461,3.7575,2.9245,3.3532,3.0592,2.906,3.1662,3.7999,3.081,3.4304,2.8993,3.0402,3.3584,2.7539,3.072,2.6834,3.222,2.3721,2.8276,3.1014,2.7641,2.8618,3.2859,2.635,2.8835,3.1223,2.3649,2.4122,2.4758,2.0966,3.0669,2.5218,2.3175,2.2954,2.0931,2.449,1.809,2.471
14.662,14.357,12.311,14.103,12.913,13.479,12.747,11.775,11.82,12.913,12.723,13.7,10.068,11.713,12.77,13.871,13.47,13.177,12.039,12.287,10.976,12.758,13.486,13.218,11.67,12.472,13.074,12.34,11.561,15.017,14.979,12.452,12.371,14.171,11.504,11.174,12.138,9.3633,13.372,12.454,12.213,9.238,13.584,13.48,12.413,13.122,9.3397,14.229,11.414,10.043,12.001,12.168,10.691,12.192,9.5918,12.411,10.306,12.063,8.4869,11.965,14.507,11.396,11.224,12.691,11.921,12.182,13.446,11.797,11.733,11.632,11.159,11.706,12.049,13.395,12.454,12.563,13.571,12.667,11.993,12.956,13.206,15.446,14.06,13.486,13.953,13.265,16.928,12.852,13.849,9.5208,14.529,12.948,13.839,14.791,15.175,15.169,14.012,14.904,15.365,13.097,15.535,14.444,15.898,15.174,15.398,14.229,14.924,17.257,15.256,15.297,18.758,15.31,16.037,17.676,15.627,14.499,19.143,15.063,16.694,15.555,17.902,17.064,16.259,17.502,16.83,16.395,14.086,14.592,16.976,17.266,18.819,12.759,15.031,16.018,14.572,14.048,16.243,15.286,17.851,15.686,15.409,16.741,16.13,13.781,15.453,17.984,12.746,14.66,15.395,13.976,15.574,16.962,16.163,14.548,13.264,14.59,13.934,14.321,14.226,13.259,15.357,15.857,16.095,15.463,12.818,16.877,14.627,16.669,13.874,13.974,14.137,14.167,13.854,13.705,13.398,17.036,14.171,14.041,16.937,15.512,15.293,16.95,14.984,13.11,15.16,16.093,13.63,16.419,16.426,13.264,13.621,14.087,17.701,16.267,17.345,11.876,16.81,12.822,16.29,16.073,15.651,16.85,15.093,13.601,16.562,14.255,17.465,16.73,17.568,14.936,19.182,16.091,14.34,16.702,18.367,16.975,16.433,19.641,13.39,17.194,17.876,17.187,17.552,16.557,16.465,15.446,19.044,16.789,16.858,15.453,15.846,14.666,16.014,21.526,17.074,15.591,17.878,19.022,16.034,16.782,14.597,17.126,14.314,16.951,15.228,14.664,14.69,17.045,15.653,17.223,14.637,13.118,13.415,14.715,14.025,15.837,13.505,15.011,14.014,16.12,18.304,13.295,14.565,19.069,16.123,12.772,13.268,13.288,15.505,12.989,14.772,12.729,12.109,14.452,14.168,15.061,13.129,12.448,11.809,14.108,13.274,13.714,11.996,10.597,11.51,11.555,10.446,12.559
0.087737,0.067304,0.076405,0.074868,0.063282,0.073197,0.078722,0.076049,0.075896,0.067568,0.075137,0.074671,0.059834,0.065654,0.067077,0.067097,0.069983,0.064217,0.069029,0.066499,0.079516,0.063001,0.07079,0.062049,0.057407,0.080486,0.075093,0.066065,0.073907,0.076613,0.075682,0.06939,0.061844,0.068869,0.070831,0.069472,0.075258,0.064279,0.080283,0.075454,0.078682,0.068618,0.064579,0.077166,0.067441,0.071054,0.064688,0.067962,0.061441,0.072685,0.067328,0.067613,0.059861,0.073362,0.064955,0.054966,0.073484,0.069674,0.06452,0.068345,0.068045,0.062283,0.075766,0.071841,0.069405,0.079623,0.071204,0.065626,0.066229,0.063542,0.068953,0.071642,0.07576,0.070259,0.082751,0.068103,0.076913,0.082242,0.080928,0.078381,0.062708,0.06469,0.058315,0.057845,0.078084,0.089838,0.089955,0.082218,0.080399,0.085764,0.08486,0.088626,0.089003,0.094689,0.086241,0.082835,0.10373,0.077349,0.092393,0.10207,0.09993,0.090742,0.086489,0.10689,0.097672,0.092879,0.10343,0.090002,0.10719,0.11045,0.079652,0.093593,0.099794,0.081227,0.11143,0.09048,0.0958,0.10553,0.088122,0.090752,0.10291,0.10358,0.10535,0.094617,0.078323,0.09237,0.084246,0.080862,0.081395,0.090193,0.086443,0.089849,0.087997,0.086137,0.096301,0.086496,0.096481,0.07639,0.069692,0.066916,0.074577,0.087375,0.084097,0.088473,0.092816,0.091823,0.099286,0.097424,0.077023,0.085327,0.092205,0.088202,0.081658,0.083585,0.062744,0.078925,0.091371,0.082259,0.092818,0.10925,0.08787,0.085004,0.091126,0.076363,0.082587,0.082864,0.0973,0.10507,0.074221,0.092398,0.084655,0.087322,0.084715,0.074461,0.084352,0.083469,0.077091,0.095043,0.080691,0.068742,0.075729,0.068125,0.091321,0.078125,0.084852,0.097623,0.084852,0.096093,0.065416,0.083165,0.084399,0.075311,0.060001,0.09825,0.094147,0.084835,0.090356,0.07552,0.073738,0.077033,0.10521,0.081393,0.091083,0.074014,0.10044,0.095842,0.09322,0.093828,0.093612,0.087985,0.092419,0.072606,0.093985,0.098486,0.08449,0.096767,0.096658,0.089189,0.11595,0.096437,0.083862,0.11032,0.10175,0.079702,0.087696,0.083265,0.086435,0.10117,0.10585,0.091017,0.1026,0.10018,0.10559,0.092532,0.085899,0.070584,0.10647,0.074892,0.088755,0.070219,0.096613,0.10085,0.096277,0.11185,0.11205,0.075258,0.088746,0.10022,0.09629,0.091208,0.10999,0.0853,0.10064,0.080095,0.10283,0.087702,0.096081,0.10196,0.099724,0.076669,0.093195,0.10075,0.094635,0.094646,0.09292,0.097884,0.09571,0.10893,0.10068,0.083405,0.09114,0.088278,0.07961,0.085275,0.085239,0.079092,0.083821,0.08143,0.0942,0.086323,0.10125,0.099543,0.087283,0.085733,0.079229,0.083176,0.088798,0.090511
24.989,20.994,25.185,25.208,23.895,26.671,22.062,26.178,22.802,26.15,27.478,22.854,22.648,23.379,20.125,24.741,22.292,21.795,22.949,24.114,21.417,22.257,22.449,21.669,20.862,23.93,20.352,20.289,27.012,18.204,18.578,19.938,22.562,19.772,19.767,22.427,21.19,17.614,21.411,25.798,22.418,24.109,25.276,19.117,21.274,22.023,21.984,20.705,25.795,23.391,20.002,20.316,20.456,21.985,22.395,23.237,22.911,18.878,20.523,21.212,23.7,18.471,26.41,19.629,19.252,23.495,20.739,20.386,23.905,20.598,22.627,23.199,24.01,24.424,23.849,24.882,21.383,21.772,21.515,25.053,25.862,18.791,21.907,23.727,28.335,27.492,26.523,23.861,24.702,22.446,24.192,29.932,25.703,24.424,24.79,24.777,25.579,24.509,25.947,29.499,28.636,31.628,23.734,28.507,24.428,23.894,23.999,23.088,30.773,29.485,26.699,25.855,30.343,27.72,27.407,28.492,29.903,27.717,27.041,31.241,27.702,24.894,29.202,27.066,28.042,22.517,25.46,30.155,30.97,27.306,20.187,25.501,24.848,32.444,23.075,25.286,26.633,28.182,25.516,19.395,29.193,28.161,31.637,34.52,24.025,26.744,27.184,26.874,26.681,29.96,25.16,26.973,28.571,29.609,29.294,27.536,21.542,23.419,22.06,21.203,22.37,28.029,27.734,20.429,26.941,24.104,22.818,27.664,24.436,26.709,25.869,32.266,22.602,25.684,25.979,23.344,25.959,23.078,23.019,23.512,23.977,21.903,24.023,21.614,26.015,27.016,29.617,22.927,25.095,25.706,24.608,23.477,21.69,19.868,29.02,24.803,25.68,25.933,25.67,23.749,21.348,25.771,26.567,25.461,30.695,26.428,26.045,25.773,27.874,23.927,22.681,30.683,24.106,21.667,26.612,26.783,25.806,24.479,27.13,22.211,31.176,23.404,25.898,22.647,25.725,25.016,30.471,25.99,26.198,28.462,27.372,26.92,27.507,27.804,24.312,26.255,29.118,27.32,26.302,24.274,29.144,27.556,28.799,21.689,29.833,22.643,24.161,25.074,26.654,28.359,26.089,21.593,25.3,26.84,26.516,22.58,31.865,29.284,28.589,25.821,21.437,26.285,26.876,24.875,25.473,22.766,23.483,27.893,30.399,27.773,27.816,25.255,22.162,24.297,21.324,22.667,26.137,24.235,22.243,24.628,20.145,24.821,20.985,21.331,25.762,26.316,18.99,24.462
0,0,0,0,0,0,0,0,0,0,0,0,0,0,0,0,0,0,0,0,0,0,0,0,0,0,0,0,0,0,0,0,0,0,0,0,0,0,0,0,0,0,0,0,0,0,0,0,0,0,0,0,0,0,0,0,0,0,0,0,0,0,0,0,0,0,0,0,0,0,0,0,0,0,0,0,0,0,0,0,0,0,0,0,0,0,0,0,0,0,0,0,0,0,0,0,0,0,0,0,0,0,0,0,0,0,0,0,0,0,0,0,0,0,0,0,0,0,0,0,0,0,0,0,0,0,0,0,0,0,0,0,0,0,0,0,0,0,0,0,0,0,0,0,0,0,0,0,0,0,0,0,0,0,0,0,0,0,0,0,0,0,0,0,0,0,0,0,0,0,0,0,0,0,0,0,0,0,0,0,0,0,0,0,0,0,0,0,0,0,0,0,0,0,0,0,0,0,0,0,0,0,0,0,0,0,0,0,0,0,0,0,0,0,0,0,0,0,0,0,0,0,0,0,0,0,0,0,0,0,0,0,0,0,0,0,0,0,0,0,0,0,0,0,0,0,0,0,0,0,0,0,0,0,0,0,0,0,0,0,0,0,0,0,0,0,0,0,0,0,0,0,0,0,0,0,0,0,0,0,0,0,0,0,0,0,0,0
2.2161,3.0958,2.6946,2.3061,2.1867,2.45,2.7895,2.2687,2.5699,2.1014,2.9491,2.9939,2.126,2.2819,2.6843,2.2625,2.554,2.5546,2.3484,2.0109,2.1806,2.4539,2.4979,2.7301,2.7367,2.4829,2.1953,2.5691,2.3769,2.1298,2.4369,2.1189,2.2354,2.6384,2.5975,2.2229,2.2792,2.0565,2.2652,2.4474,2.4225,2.7997,2.5267,2.7649,2.2037,2.699,2.7089,2.0831,2.6606,2.6689,2.209,2.1702,2.3196,2.324,2.2569,2.4838,2.3559,2.6009,2.2103,2.4635,2.4146,2.8697,2.6598,1.936,2.6268,3.0759,2.7641,2.3907,2.4892,2.9521,2.6617,2.7828,2.4257,2.8895,2.5056,2.916,2.7559,2.6652,2.7326,2.548,2.8507,2.5133,2.7576,2.4855,2.9694,2.9668,3.2634,3.2314,2.5335,2.7596,3.276,2.9737,3.2931,2.4829,3.1606,2.6854,3.122,2.6169,2.9704,3.1078,3.5494,3.2794,2.8983,3.4676,3.1778,3.8682,3.3408,3.5156,3.1139,3.2181,3.6516,3.4979,2.9516,3.3022,3.2832,3.2284,2.9991,3.4972,3.5488,3.2416,2.9798,3.5473,2.3963,3.1668,3.1173,3.4571,3.181,3.8062,3.9993,2.985,2.5559,3.0184,3.4155,3.2005,3.4895,3.4643,2.6068,3.3236,2.664,3.1096,3.3921,3.3088,3.5273,3.3177,3.1638,3.4257,3.1705,3.3453,2.7493,3.3997,3.1105,2.6875,2.6891,3.0584,3.2847,3.471,2.8955,2.7651,2.7658,3.1531,3.2557,2.7174,3.0435,2.9607,3.255,2.7479,2.8732,3.0266,2.5605,3.3022,2.7528,3.202,2.2678,2.6074,3.0431,2.8356,2.8829,3.5184,2.7964,2.8549,2.6524,2.4841,2.2955,2.3387,2.9042,2.0343,2.6109,2.5355,3.071,2.5768,2.4753,2.6401,1.9986,2.5333,2.6609,2.5723,2.8401,2.4396,2.9951,1.921,2.7944,2.6255,2.4447,2.4435,3.2347,2.7133,2.755,2.841,2.8983,2.4129,2.812,2.4809,3.0322,2.9774,2.8303,3.0489,2.7122,2.9388,2.8926,2.7814,2.4169,3.1241,3.3741,2.8409,3.0665,3.4074,3.0971,2.7393,2.9401,3.1336,3.5414,3.1066,2.9852,2.3924,2.7945,2.5527,3.0505,2.9545,2.6931,3.8072,2.7228,3.2221,2.7716,3.3416,2.7014,2.6438,3.6988,2.5131,2.9925,3.1248,3.5723,2.3728,3.1129,2.8433,3.298,3.0849,3.3609,3.1447,3.1136,2.8548,3.1608,3.0639,3.1586,2.7643,3.3358,2.9396,3.043,3.0155,3.276,3.0173,2.8041,2.9187,3.195,3.1549,3.0372,3.336,3.1039,3.1287,2.4693,2.9647,2.9466,3.4459,2.7352,2.5758,2.7566,2.5778,3.2855,2.4025
12.059,11.912,12.806,12.224,11.512,11.151,10.541,12.525,12.232,10.494,10.792,10.638,11.848,12.45,11.846,9.7359,9.8547,10.993,11.053,10.873,8.4074,10.516,11.649,9.4688,10.922,10.927,10.096,8.0221,9.4722,9.4146,9.9966,10.056,9.1873,10.785,10.58,10.87,9.2255,10.863,10.577,8.7779,12.762,11.866,8.984,10.245,10.842,9.9722,11.745,10.925,11.034,9.5127,9.7116,9.5473,10.935,11.753,12.817,11.906,13.88,7.9583,9.7985,10.245,9.8168,11.924,11.783,10.253,10.283,11.23,11.279,11.466,10.834,8.7148,11.638,11.244,12.054,11.937,11.661,10.652,12.303,14.371,10.962,11.224,13.15,9.7686,11.624,12.775,13.753,12.762,11.921,16.203,12.688,13.352,13.771,13.568,12.235,11.746,12.451,10.86,16.876,12.258,15.72,14.545,14.654,13.885,15.221,13.701,15.392,12.865,11.033,13.887,16.782,13.117,17.72,14.803,14.905,12.138,13.497,17.411,14.47,16.524,18.47,16.177,14.005,11.778,13.201,13.807,16.803,15.14,14.948,14.725,14.592,14.717,12.534,16.372,12.257,10.442,13.71,13.594,14.643,13.919,11.785,13.32,15.66,12.603,12.987,15.101,13.012,13.713,11.099,12.261,11.925,12.943,13.932,9.2535,12.447,13.341,11.354,15.326,12.156,12.26,13.894,11.47,12.632,9.2574,11.455,13.707,12.252,12.186,11.975,14.3,10.294,12.634,12.217,12.575,12.924,10.745,11.446,9.7105,10.449,13.012,12.508,11.111,10.907,12.825,13.566,11.596,10.665,11.42,11.313,10.704,9.77,11.718,12.836,11.763,13.158,13.234,12.635,11.561,11.523,12.533,12.555,10.773,10.417,9.9038,10.556,11.605,11.694,12.609,13.162,12.196,13.38,11.678,11.311,11.676,12.617,12.858,11.524,12.241,11.599,10.565,11.155,10.805,11.945,9.833,11.176,12.626,10.253,11.412,11.354,9.9577,13.26,14.44,14.153,13.12,10.483,14.082,13.053,16.673,12.579,10.758,11.501,12.713,9.6722,12.932,13.348,11.187,12.934,13.179,13.317,12.639,12.372,11.081,10.071,13.494,13.055,11.957,12.243,11.048,11.964,13.839,11.749,14.61,11.374,14.695,8.1975,13.492,12.441,11.12,8.191,11.639,11.651,13.677,11.968,10.903,10.829,11.206,12.162,12.968,11.115,12.918,10.92,11.064,11.977,9.6381,10.512,10.984,10.07,11.083,11.136,11.887
0,0,0,0,0,0,0,0,0,0,0,0,0,0,0,0,0,0,0,0,0,0,0,0,0,0,0,0,0,0,0,0,0,0,0,0,0,0,0,0,0,0,0,0,0,0,0,0,0,0,0,0,0,0,0,0,0,0,0,0,0,0,0,0,0,0,0,0,0,0,0,0,0,0,0,0,0,0,0,0,0,0,0,0,0,0,0,0,0,0,0,0,0,0,0,0,0,0,0,0,0,0,0,0,0,0,0,0,0,0,0,0,0,0,0,0,0,0,0,0,0,0,0,0,0,0,0,0,0,0,0,0,0,0,0,0,0,0,0,0,0,0,0,0,0,0,0,0,0,0,0,0,0,0,0,0,0,0,0,0,0,0,0,0,0,0,0,0,0,0,0,0,0,0,0,0,0,0,0,0,0,0,0,0,0,0,0,0,0,0,0,0,0,0,0,0,0,0,0,0,0,0,0,0,0,0,0,0,0,0,0,0,0,0,0,0,0,0,0,0,0,0,0,0,0,0,0,0,0,0,0,0,0,0,0,0,0,0,0,0,0,0,0,0,0,0,0,0,0,0,0,0,0,0,0,0,0,0,0,0,0,0,0,0,0,0,0,0,0,0,0,0,0,0,0,0,0,0,0,0,0,0,0,0,0,0,0,0
3.1031,2.7656,3.0519,3.3362,3.4907,3.2477,4.0317,3.2248,3.1434,2.9483,3.1628,3.0648,3.2462,3.0144,3.4893,2.4811,2.8231,2.614,3.2248,3.0058,2.683,3.4862,2.9564,3.1816,2.3168,2.8276,2.7735,3.1652,2.68,2.7242,2.4505,2.5649,2.8585,2.8103,3.2715,2.6321,2.7871,2.5014,2.5446,2.3176,2.2828,2.3557,2.3363,2.7579,2.6526,2.8725,2.8168,2.6127,3.0729,2.5092,2.1937,2.0613,2.9138,2.6783,2.6487,2.8456,2.5485,2.4934,2.5291,2.2034,2.8108,2.5857,2.4687,2.3319,2.7666,2.8194,2.3728,2.5763,2.7587,2.5828,2.2832,2.7765,2.5707,3.2301,3.0023,2.8416,3.1062,3.1765,2.7706,2.6818,3.0647,2.7552,3.2134,2.6949,2.8586,3.3213,2.6826,2.7879,3.4088,2.8115,2.5993,3.2944,2.7196,3.1911,3.6419,2.7474,3.5439,3.4275,3.2607,3.4456,2.6771,3.3083,3.1305,3.614,3.2975,3.346,3.0809,3.6897,3.5233,3.3403,3.0686,3.419,3.4435,3.1151,3.742,3.4424,3.3778,3.4917,3.0752,2.6926,3.1675,2.8984,2.9602,3.4139,3.4545,2.5413,3.4182,2.9748,3.4252,3.0118,3.3175,3.4602,2.3983,3.16,3.1352,3.2921,2.9945,2.9554,2.4676,2.8327,2.8924,3.5345,3.2602,3.042,2.5375,2.2261,2.9239,2.5537,3.2566,2.916,3.1434,2.6796,3.3075,3.1549,2.5861,2.8961,3.0776,3.041,2.924,3.0893,2.6971,3.4031,2.9259,2.5264,2.8462,2.8525,3.1361,3.1687,3.1492,3.71,3.0795,2.6597,2.3602,3.0473,2.7378,2.6484,3.4745,2.4571,2.891,3.0841,2.7792,3.0544,2.6655,3.0775,3.209,3.1434,3.3248,2.6616,2.8996,3.4244,2.9525,2.5906,2.8289,2.7912,2.8867,3.1464,3.5037,3.6251,2.9661,2.6061,3.4358,3.025,2.7073,3.1033,3.672,3.1191,3.5941,2.9119,2.6811,3.7445,3.6157,3.5235,3.1895,3.2481,3.3354,2.8945,3.5069,3.2386,3.7591,3.3547,3.5075,2.93,3.3906,3.1944,3.1528,3.1256,2.9936,2.8346,3.1706,3.3664,3.296,3.2272,3.1155,3.4199,3.3613,3.5364,3.6231,3.1917,3.0349,3.7786,2.9979,3.3473,3.3465,3.1711,3.3165,3.1432,2.8371,3.2163,2.5377,3.3478,2.8498,3.2852,3.1748,2.8267,3.2229,2.5402,2.7814,3.4058,2.6463,2.61,2.3679,2.5508,2.4472,2.9762,2.6628,2.7514,2.5243,2.4924,3.3586,2.933,2.6699,2.4584,2.9939,2.5205,2.3223,2.3404,3,2.6958,3.3374,2.1221,2.3446,2.2051,2.6495,2.5908,2.7569,2.4643,2.8042,2.4263
0,0,0,0,0,0,0,0,0,0,0,0,0,0,0,0,0,0,0,0,0,0,0,0,0,0,0,0,0,0,0,0,0,0,0,0,0,0,0,0,0,0,0,0,0,0,0,0,0,0,0,0,0,0,0,0,0,0,0,0,0,0,0,0,0,0,0,0,0,0,0,0,0,0,0,0,0,0,0,0,0,0,0,0,0,0,0,0,0,0,0,0,0,0,0,0,0,0,0,0,0,0,0,0,0,0,0,0,0,0,0,0,0,0,0,0,0,0,0,0,0,0,0,0,0,0,0,0,0,0,0,0,0,0,0,0,0,0,0,0,0,0,0,0,0,0,0,0,0,0,0,0,0,0,0,0,0,0,0,0,0,0,0,0,0,0,0,0,0,0,0,0,0,0,0,0,0,0,0,0,0,0,0,0,0,0,0,0,0,0,0,0,0,0,0,0,0,0,0,0,0,0,0,0,0,0,0,0,0,0,0,0,0,0,0,0,0,0,0,0,0,0,0,0,0,0,0,0,0,0,0,0,0,0,0,0,0,0,0,0,0,0,0,0,0,0,0,0,0,0,0,0,0,0,0,0,0,0,0,0,0,0,0,0,0,0,0,0,0,0,0,0,0,0,0,0,0,0,0,0,0,0,0,0,0,0,0,0
0,0,0,0,0,0,0,0,0,0,0,0,0,0,0,0,0,0,0,0,0,0,0,0,0,0,0,0,0,0,0,0,0,0,0,0,0,0,0,0,0,0,0,0,0,0,0,0,0,0,0,0,0,0,0,0,0,0,0,0,0,0,0,0,0,0,0,0,0,0,0,0,0,0,0,0,0,0,0,0,0,0,0,0,0,0,0,0,0,0,0,0,0,0,0,0,0,0,0,0,0,0,0,0,0,0,0,0,0,0,0,0,0,0,0,0,0,0,0,0,0,0,0,0,0,0,0,0,0,0,0,0,0,0,0,0,0,0,0,0,0,0,0,0,0,0,0,0,0,0,0,0,0,0,0,0,0,0,0,0,0,0,0,0,0,0,0,0,0,0,0,0,0,0,0,0,0,0,0,0,0,0,0,0,0,0,0,0,0,0,0,0,0,0,0,0,0,0,0,0,0,0,0,0,0,0,0,0,0,0,0,0,0,0,0,0,0,0,0,0,0,0,0,0,0,0,0,0,0,0,0,0,0,0,0,0,0,0,0,0,0,0,0,0,0,0,0,0,0,0,0,0,0,0,0,0,0,0,0,0,0,0,0,0,0,0,0,0,0,0,0,0,0,0,0,0,0,0,0,0,0,0,0,0,0,0,0,0
0.56188,0.46785,0.60121,0.54224,0.52452,0.635,0.62122,0.49919,0.57086,0.51478,0.57902,0.46061,0.512,0.52572,0.49911,0.54385,0.59824,0.48699,0.50304,0.46749,0.48593,0.62591,0.53951,0.60781,0.599,0.45848,0.51545,0.5419,0.48139,0.50883,0.4615,0.57921,0.48655,0.59057,0.50477,0.51008,0.44969,0.58496,0.49543,0.45064,0.48958,0.56313,0.47685,0.53981,0.61408,0.57025,0.48417,0.47652,0.49025,0.58502,0.46445,0.6154,0.59344,0.5371,0.61101,0.6112,0.53447,0.57367,0.47619,0.59918,0.60196,0.53673,0.50079,0.50788,0.53828,0.62001,0.55989,0.56677,0.59501,0.53591,0.59736,0.46684,0.64129,0.52546,0.62837,0.62551,0.66768,0.54256,0.57997,0.58414,0.4496,0.58257,0.64067,0.57903,0.66343,0.75175,0.7125,0.69753,0.63231,0.55718,0.733,0.58248,0.65462,0.64359,0.64046,0.60875,0.78707,0.61971,0.5677,0.68202,0.7248,0.54463,0.74271,0.64493,0.74526,0.73434,0.75494,0.66552,0.60077,0.6729,0.8582,0.62385,0.7502,0.74554,0.78917,0.67771,0.52845,0.60198,0.59739,0.77018,0.57691,0.67592,0.6605,0.55735,0.67871,0.68891,0.74541,0.60929,0.69075,0.66461,0.63509,0.71362,0.62898,0.69761,0.62637,0.68284,0.75844,0.69401,0.67816,0.63043,0.64033,0.59293,0.63964,0.62884,0.57766,0.59713,0.68008,0.7037,0.67249,0.69109,0.64013,0.75058,0.63697,0.71168,0.5109,0.56778,0.67552,0.74237,0.64098,0.53577,0.69052,0.61036,0.77068,0.60589,0.86912,0.65988,0.58368,0.63128,0.49045,0.70314,0.69001,0.65411,0.57976,0.69081,0.59868,0.62159,0.4896,0.67245,0.60647,0.49305,0.71983,0.63058,0.78208,0.60546,0.63656,0.42758,0.649,0.67959,0.56476,0.70159,0.50039,0.62731,0.60399,0.53482,0.68683,0.59782,0.5487,0.45341,0.57185,0.58738,0.69348,0.53638,0.63351,0.72582,0.6397,0.58102,0.71067,0.806,0.63644,0.68957,0.67881,0.62226,0.78349,0.73067,0.66224,0.72703,0.68372,0.65231,0.69484,0.71854,0.73141,0.64043,0.66313,0.73964,0.62571,0.59023,0.72174,0.68689,0.8555,0.57447,0.63663,0.6908,0.65639,0.68664,0.58261,0.73025,0.6778,0.63122,0.75858,0.83341,0.70055,0.73186,0.73069,0.7692,0.68748,0.71293,0.7913,0.65691,0.81082,0.78147,0.72947,0.73552,0.71568,0.64283,0.75844,0.71479,0.68771,0.62834,0.73471,0.74074,0.71666,0.75645,0.7076,0.70965,0.63836,0.74228,0.69066,0.67728,0.64675,0.70934,0.73391,0.63807,0.68777,0.65591,0.73359,0.55801,0.67018,0.57084,0.64723,0.65644,0.60684,0.73839,0.66173,0.5952,0.57683,0.60978,0.64326,0.62543
16.324,14.365,14.694,19.246,18.126,18.542,18.648,15.261,16.349,16.274,15.748,19.202,13.976,12.876,15.283,16.675,17.709,14.454,14.489,16.284,17.02,16.309,14.796,14.941,16.191,14.238,14.91,13.495,14.368,16.442,12.316,12.307,15.053,17.178,14.899,15.732,18.406,15.922,14.533,13.072,17.028,14.168,14.096,15.239,15.679,16.69,12.835,15.96,14.899,15.916,15.544,13.382,16.331,13.106,15.251,13.946,18.068,17.796,14.893,13.877,16.64,16.77,15.106,16.727,13.855,16.729,13.513,14.636,16.482,16.633,16.281,17.11,14.981,15.817,12.47,15.107,15.932,16.186,18.147,16.664,15.754,14.694,17.073,14.592,13.251,17.148,19.132,18.304,17.857,17.2,17.604,14.727,16.768,19.186,17.492,16.778,18.471,19.212,19.384,19.786,21.76,21.224,20.527,21.864,18.487,17.421,19.985,22.196,20.944,18.053,23.433,18.805,21.895,21.98,19.612,18.92,20.329,22.009,17.969,19.127,19.166,19.387,22.525,19.032,20.671,21.497,21.187,18.893,16.955,23.416,20.451,17.55,17.686,17.477,21.057,20.872,21.586,18.651,17.776,20.503,17.378,18.164,18.677,19.207,17.16,16.529,19.524,17.896,18.455,18.266,18.699,18.363,20.103,19.077,17.7,16.197,22.858,18.91,15.987,15.458,21.319,18.702,19.131,21.913,15.537,17.352,17.954,18.014,18.096,16.098,18.763,20.7,21.611,17.918,20.791,18.266,17.732,15.846,19.965,20.501,20.027,17.875,18.942,19.833,19.628,17.361,18.247,21.249,21.806,21.027,22.238,17.835,19.427,18.169,23.18,18.591,22.537,22.069,15.943,18.005,19.836,18.465,20.549,17.047,22.133,23.616,23.387,21.173,22.848,21.022,18.554,22.058,21.352,19.864,18.928,20.245,22.808,19.001,22.752,21.847,26.219,23.518,24.033,23.462,22.787,23.834,25.889,20.93,21.091,18.782,24.694,20.125,20.555,23.773,18.469,20.68,19.994,21.655,20.613,23.016,17.991,23.332,18.364,18.87,19.511,21.983,22.298,18.075,16.434,17.755,18.41,21.129,18.865,16.691,18.717,20.263,17.357,20.292,16.87,18.34,20.212,19.484,21.028,22.431,18.256,17.289,15.34,17.757,16.477,17.583,17.713,15.949,16.106,16.647,19.518,19.131,14.575,13.875,14.223,14.175,12.331,15.656,16.725,13.404,14.999,17.266,18.595,16.431
